symbol,symbol_type,exchange_name,description
dev_1,stock,Dev,
dev_10,stock,Dev,
dev_100,stock,Dev,
dev_1000,stock,Dev,
dev_10000,stock,Dev,
ABBV,stock,NYSE,
MO,stock,NYSE,
ARNA,stock,NASDAQ,
APH,stock,NYSE,
VIVO,stock,NASDAQ,
SMG,stock,NYSE,
TPB,stock,NYSE,
TLRY,stock,NASDAQ,
UVV,stock,NYSE,
GWPH,stock,Dev,
IIPR,stock,NYSE,
TRST,stock,NASDAQ,
DIA,etf,NYSE,
GDXJ,etf,NYSE,
GLD,etf,NYSE,
KBE,etf,NYSE,
LIT,etf,NYSE,
POTX,etf,NASDAQ,
SLV,etf,NYSE,
USO,etf,NYSE,
SPY,etf,NYSE,
ALRS,moex,MOEX,
GAZP,moex,MOEX,
GMKN,moex,MOEX,
HYDR,moex,MOEX,
KMAZ,moex,MOEX,
LKOH,moex,MOEX,
LNTA,moex,MOEX,
LNZL,moex,MOEX,
MGNT,moex,MOEX,
MOEX,moex,MOEX,
NVTK,moex,MOEX,
MVID,moex,MOEX,
PLZL,moex,MOEX,
POLY,moex,MOEX,
SBER,moex,MOEX,
ROSN,moex,MOEX,
SNGS,moex,MOEX,
VTBR,moex,MOEX,
SIBNM,moex,MOEX,
TCSG,moex,MOEX,
YNDXM,moex,MOEX,
SWM,stock,NYSE,
TER,stock,NASDAQ,
IBB,etf,NASDAQ,
QQQ,etf,NASDAQ,
DSKY,moex,MOEX,
MAIL,moex,MOEX,
TATN,moex,MOEX,
OZONM,moex,MOEX,
AFLT,moex,MOEX,
WTICO/USD,commodity,Commodity,
XAU/USD,commodity,Commodity,
NATGAS/USD,commodity,Commodity,
XPD/USD,commodity,Commodity,
XAG/USD,commodity,Commodity,
XPT/USD,commodity,Commodity,
IMOEX,index,Index IMOEX,
RTSI,index,Index RTSI,
NASDAQ,index,Index NASDAQ,
SP500,index,Index SP500,
CAC40,index,Index CAC40,
DAX30,index,Index DAX30,
NIKKEI,index,Index NIKKEI,
FTSE100,index,Index FTSE100,
DOW,index,Index DOW,
BITO,etf,NYSE,
BITQ,etf,NYSE,
VKCO,moex,MOEX,
ZEC-USD,crypto,Crypto,
BTC-USD,crypto,Crypto,
BCH-USD,crypto,Crypto,
LTC-USD,crypto,Crypto,
XRP-USD,crypto,Crypto,
XLM-USD,crypto,Crypto,
ETH-USD,crypto,Crypto,
XMR-USD,crypto,Crypto,
DOGE-USD,crypto,Crypto,
TRX-USD,crypto,Crypto,
DOT-USD,crypto,Crypto,
DODO-USD,crypto,Crypto,
ADA-USD,crypto,Crypto,
LINK-USD,crypto,Crypto,
CTK-USD,crypto,Crypto,
EOS-USD,crypto,Crypto,
DIA-USD,crypto,Crypto,
BNB-USD,crypto,Crypto,
VET-USD,crypto,Crypto,
NEO-USD,crypto,Crypto,
IOTA-USD,crypto,Crypto,
ETC-USD,crypto,Crypto,
WAVES-USD,crypto,Crypto,
BTT-USD,crypto,Crypto,
BAT-USD,crypto,Crypto,
DASH-USD,crypto,Crypto,
OMG-USD,crypto,Crypto,
THETA-USD,crypto,Crypto,
ENJ-USD,crypto,Crypto,
MATIC-USD,crypto,Crypto,
ATOM-USD,crypto,Crypto,
TFUEL-USD,crypto,Crypto,
ONE-USD,crypto,Crypto,
FTM-USD,crypto,Crypto,
ALGO-USD,crypto,Crypto,
ANKR-USD,crypto,Crypto,
CHZ-USD,crypto,Crypto,
XTZ-USD,crypto,Crypto,
RVN-USD,crypto,Crypto,
HBAR-USD,crypto,Crypto,
STX-USD,crypto,Crypto,
IOTX-USD,crypto,Crypto,
FTT-USD,crypto,Crypto,
BNT-USD,crypto,Crypto,
SOL-USD,crypto,Crypto,
LRC-USD,crypto,Crypto,
COMP-USD,crypto,Crypto,
MKR-USD,crypto,Crypto,
DCR-USD,crypto,Crypto,
MANA-USD,crypto,Crypto,
YFI-USD,crypto,Crypto,
CRV-USD,crypto,Crypto,
SAND-USD,crypto,Crypto,
LUNA-USD,crypto,Crypto,
SUSHI-USD,crypto,Crypto,
KSM-USD,crypto,Crypto,
EGLD-USD,crypto,Crypto,
RUNE-USD,crypto,Crypto,
UNI-USD,crypto,Crypto,
AVAX-USD,crypto,Crypto,
HNT-USD,crypto,Crypto,
AAVE-USD,crypto,Crypto,
NEAR-USD,crypto,Crypto,
FIL-USD,crypto,Crypto,
AXS-USD,crypto,Crypto,
ROSE-USD,crypto,Crypto,
XEM-USD,crypto,Crypto,
GRT-USD,crypto,Crypto,
1INCH-USD,crypto,Crypto,
CELO-USD,crypto,Crypto,
CAKE-USD,crypto,Crypto,
ICP-USD,crypto,Crypto,
AR-USD,crypto,Crypto,
LPT-USD,crypto,Crypto,
KLAY-USD,crypto,Crypto,
QNT-USD,crypto,Crypto,
FLOW-USD,crypto,Crypto,
MINA-USD,crypto,Crypto,
DYDX-USD,crypto,Crypto,
GALA-USD,crypto,Crypto,
AMP-USD,crypto,Crypto,
CRO-USD,crypto,Crypto,
BSV-USD,crypto,Crypto,
HT-USD,crypto,Crypto,
NEXO-USD,crypto,Crypto,
WOO-USD,crypto,Crypto,
KCS-USD,crypto,Crypto,
XDC-USD,crypto,Crypto,
LEO-USD,crypto,Crypto,
OKB-USD,crypto,Crypto,
SCRT-USD,crypto,Crypto,
USD/CAD,forex,Forex,
AUD/USD,forex,Forex,
EUR/CHF,forex,Forex,
CHF/JPY,forex,Forex,
AUD/NZD,forex,Forex,
NZD/USD,forex,Forex,
EUR/JPY,forex,Forex,
EUR/GBP,forex,Forex,
EUR/AUD,forex,Forex,
EUR/CAD,forex,Forex,
GBP/AUD,forex,Forex,
GBP/CHF,forex,Forex,
GBP/JPY,forex,Forex,
NZD/JPY,forex,Forex,
EUR/HUF,forex,Forex,
EUR/DKK,forex,Forex,
EUR/SEK,forex,Forex,
USD/DKK,forex,Forex,
USD/NOK,forex,Forex,
USD/MXN,forex,Forex,
USD/HKD,forex,Forex,
USD/RUB,forex,USDRUB,
USD/HUF,forex,Forex,
USD/PLN,forex,Forex,
USD/ZAR,forex,Forex,
USD/SEK,forex,Forex,
EUR/NOK,forex,Forex,
CHF/USD,forex,Forex,
GBP/ZAR,forex,Forex,
CAD/USD,forex,Forex,
EUR/ZAR,forex,Forex,
USD/GBP,forex,Forex,
RUB/USD,forex,Forex,
EUR/RUB,forex,Forex,
TRY/USD,forex,Forex,
SGD/USD,forex,Forex,
USD/CNH,forex,Forex,
GBP/USD,forex,Forex,
EUR/USD,forex,Forex,
USD/JPY,forex,Forex,
USD/CHF,forex,Forex,
CAD/JPY,forex,Forex,
GBP/CAD,forex,Forex,
USD/TRY,forex,Forex,
USD/SGD,forex,Forex,
AUD/JPY,forex,Forex,
PLN/USD,forex,Forex,
USD/BRL,forex,Forex,
UAH/USD,forex,Forex,
JPY/USD,forex,Forex,
NOK/USD,forex,Forex,
HUF/USD,forex,Forex,
SEK/USD,forex,Forex,
ZAR/USD,forex,Forex,
AUD/CAD,forex,Forex,
AUD/CHF,forex,Forex,
EUR/NZD,forex,Forex,
CAD/CHF,forex,Forex,
NZD/CHF,forex,Forex,
NZD/CAD,forex,Forex,
GBP/NZD,forex,Forex,
EUR/TRY,forex,Forex,
GBP/TRY,forex,Forex,
EUR/PLN,forex,Forex,
USD/CZK,forex,Forex,
EUR/RON,forex,Forex,
USD/RON,forex,Forex,
USD/ILS,forex,Forex,
EUR/ILS,forex,Forex,
GBP/ILS,forex,Forex,
USD/INR,forex,Forex,
HAYD,stock,Dev,
RIVN,stock,NASDAQ,
AAL,stock,NASDAQ,
AA,stock,NYSE,
ACB,stock,NASDAQ,
AAPL,stock,NASDAQ,
ADBE,stock,NASDAQ,
AMD,stock,NASDAQ,
AXP,stock,NYSE,
BA,stock,NYSE,
BABA,stock,NYSE,
BIDU,stock,NASDAQ,
BAC,stock,NYSE,
BLK,stock,NYSE,
CVS,stock,NYSE,
CRON,stock,NASDAQ,
CVX,stock,NYSE,
FB,stock,Dev,
F,stock,NYSE,
GE,stock,NYSE,
GM,stock,NYSE,
GPRO,stock,NASDAQ,
HD,stock,NYSE,
GS,stock,NYSE,
HOG,stock,NYSE,
INTC,stock,NASDAQ,
MA,stock,NYSE,
JPM,stock,NYSE,
LYFT,stock,NASDAQ,
MCD,stock,NYSE,
KO,stock,NYSE,
IBM,stock,NYSE,
LMT,stock,NYSE,
LEVI,stock,NYSE,
MRK,stock,NYSE,
MMM,stock,NYSE,
MS,stock,NYSE,
NKE,stock,NYSE,
PEP,stock,NASDAQ,
NFLX,stock,NASDAQ,
PG,stock,NYSE,
NVDA,stock,NASDAQ,
PM,stock,NYSE,
PYPL,stock,NASDAQ,
SBUX,stock,NASDAQ,
RACE,stock,NYSE,
SPOT,stock,NYSE,
TSLA,stock,NASDAQ,
TME,stock,NYSE,
TWTR,stock,NYSE,
V,stock,NYSE,
WMT,stock,NYSE,
XOM,stock,NYSE,
YNDX,stock,NASDAQ,
STZ,stock,NYSE,
PFE,stock,NYSE,
AIR,stock,NYSE,
GILD,stock,NASDAQ,
DAL,stock,NYSE,
QIWI,stock,NASDAQ,
SIBN,stock,NASDAQ,
CRBP,stock,NASDAQ,
AGM,stock,NYSE,
CSCO,stock,NASDAQ,
SNOW,stock,NYSE,
C,stock,NYSE,
CCL,stock,NYSE,
H,stock,NYSE,
HLT,stock,NYSE,
NCLH,stock,NYSE,
RCL,stock,NYSE,
OZON,stock,NASDAQ,
ALB,stock,NYSE,
AYRO,stock,NASDAQ,
BLNK,stock,NASDAQ,
FMC,stock,NYSE,
LAC,stock,NYSE,
LTHM,stock,NYSE,
NIO,stock,NYSE,
PLL,stock,NASDAQ,
SOLO,stock,NASDAQ,
WKHS,stock,NASDAQ,
AMZN,stock,NASDAQ,
CAT,stock,NYSE,
DIS,stock,NYSE,
GOOGL,stock,NASDAQ,
HPQ,stock,NYSE,
JNJ,stock,NYSE,
MSFT,stock,NASDAQ,
MU,stock,NASDAQ,
SNAP,stock,NYSE,
NVAX,stock,NASDAQ,
NEE,stock,NYSE,
MGM,stock,NYSE,
MRNA,stock,NASDAQ,
PLUG,stock,NASDAQ,
COIN,stock,NASDAQ,
MBUU,stock,NASDAQ,
EBAY,stock,NASDAQ,
UBS,stock,NYSE,
SONY,stock,NYSE,
T,stock,NYSE,
HP,stock,NYSE,
NOK,stock,NYSE,
ORCL,stock,NYSE,
TEVA,stock,NYSE,
GRPN,stock,NASDAQ,
NIKE,stock,Dev,
PTR,stock,NYSE,
TRIP,stock,NASDAQ,
MDLZ,stock,NASDAQ,
NLOK,stock,NASDAQ,
EPE,stock,NASDAQ,
WFC,stock,NYSE,
DBX,stock,NASDAQ,
UBER,stock,NYSE,
VIPS,stock,NYSE,
MRVL,stock,NASDAQ,
BBY,stock,NYSE,
AUY,stock,NYSE,
SHOP,stock,NASDAQ,
MAR,stock,NASDAQ,
ABNB,stock,NASDAQ,
HSBC,stock,NYSE,
TSCO,stock,NASDAQ,
BP,stock,NYSE,
VOD,stock,NASDAQ,
RIO,stock,NYSE,
LLOY,stock,NASDAQ,
EZJ,stock,NYSE,
WPP,stock,NYSE,
RR,stock,NASDAQ,
BRBY,stock,NASDAQ,
GLEN,stock,NASDAQ,
HIK,stock,NASDAQ,
DAI,stock,NASDAQ,
DBK,stock,NASDAQ,
DTE,stock,NYSE,
VWAGY,stock,NASDAQ,
ALV,stock,NYSE,
BMW,stock,NASDAQ,
CBK,stock,NASDAQ,
ADS,stock,NASDAQ,
SAP,stock,NYSE,
SIE,stock,NASDAQ,
EOAN,stock,NASDAQ,
BAYN,stock,NASDAQ,
LHA,stock,NASDAQ,
VIV,stock,NYSE,
DG,stock,NYSE,
BNP,stock,NASDAQ,
GLE,stock,NASDAQ,
TTE,stock,NYSE,
MC,stock,NYSE,
ORA,stock,NYSE,
EDF,stock,NYSE,
ACA,stock,NYSE,
ML,stock,NYSE,
BAMI,stock,NYSE,
ENEL,stock,NASDAQ,
ENI,stock,NASDAQ,
PIRC,stock,NASDAQ,
STLA,stock,NYSE,
ITX,stock,NASDAQ,
SAN,stock,NYSE,
BBVA,stock,NYSE,
ENG,stock,NASDAQ,
REP,stock,NASDAQ,
CEZ,stock,NASDAQ,
PCG,stock,NYSE,
PEO,stock,NYSE,
ERIC,stock,NASDAQ,
DANSKE,stock,NASDAQ,
CA.PA,stock,NASDAQ,
VOLV-B,stock,NASDAQ,
BRk-B,stock,Dev,
SEDG,stock,NASDAQ,
FSLR,stock,NASDAQ,
CWEN,stock,NYSE,
CWEN.A,stock,NYSE,
BEPC,stock,NYSE,
BEP,stock,NYSE,
CHPT,stock,NYSE,
E,stock,NYSE,
EGHT,stock,NYSE,
AFRM,stock,NASDAQ,
AIG,stock,NYSE,
APT,stock,NYSE,
AMC,stock,NYSE,
AMCR,stock,NYSE,
SWBI,stock,NASDAQ,
AMT,stock,NYSE,
AGL,stock,NYSE,
APP,stock,NASDAQ,
CAR,stock,NASDAQ,
BRK.B,stock,NYSE,
BYND,stock,NASDAQ,
BIIB,stock,NASDAQ,
BNTX,stock,NASDAQ,
BTBT,stock,NASDAQ,
BKNG,stock,NASDAQ,
BXP,stock,NYSE,
BOX,stock,NYSE,
BG,stock,NYSE,
CPRX,stock,NASDAQ,
CRNT,stock,NASDAQ,
CMG,stock,NYSE,
CTXS,stock,NYSE,
CLX,stock,NYSE,
CPNG,stock,NYSE,
CVAC,stock,NASDAQ,
DDOG,stock,NASDAQ,
DE,stock,NYSE,
DIDI,stock,NYSE,
DOCU,stock,NASDAQ,
DPZ,stock,NASDAQ,
DASH,stock,NASDAQ,
KODK,stock,NYSE,
EBON,stock,NASDAQ,
EIX,stock,NYSE,
EA,stock,NASDAQ,
EOSE,stock,NASDAQ,
FTCH,stock,NYSE,
FSLY,stock,NYSE,
FCEL,stock,NASDAQ,
FLGT,stock,NASDAQ,
GME,stock,NYSE,
HDB,stock,NYSE,
HPE,stock,NYSE,
HYLN,stock,NYSE,
IBIO,stock,NYSE,
IDEX,stock,NASDAQ,
ING,stock,NYSE,
INO,stock,NASDAQ,
JD,stock,NASDAQ,
KCGI,stock,NYSE,
KMB,stock,NYSE,
KOSS,stock,NASDAQ,
LMND,stock,NYSE,
M,stock,NYSE,
MRO,stock,NYSE,
MOS,stock,NYSE,
MP,stock,NYSE,
NNOX,stock,NASDAQ,
NKLA,stock,NASDAQ,
OTLY,stock,NASDAQ,
OSCR,stock,NYSE,
PLTR,stock,NASDAQ,
PTON,stock,NASDAQ,
PENN,stock,NASDAQ,
PLTK,stock,NASDAQ,
QCOM,stock,NASDAQ,
REGN,stock,NASDAQ,
RIOT,stock,NASDAQ,
RBLX,stock,NYSE,
ROKU,stock,NASDAQ,
CRM,stock,NYSE,
S,stock,NYSE,
SMAR,stock,NYSE,
SOS,stock,NYSE,
SQSP,stock,NYSE,
TTD,stock,NASDAQ,
TRTL,stock,NYSE,
TSP,stock,NASDAQ,
TWLO,stock,NYSE,
UA,stock,NYSE,
UNP,stock,NYSE,
U,stock,NYSE,
PATH,stock,NYSE,
VLO,stock,NYSE,
VZ,stock,NYSE,
BBIG,stock,NASDAQ,
WLL,stock,NYSE,
XPEV,stock,NYSE,
DAO,stock,NYSE,
ZM,stock,NASDAQ,
ZS,stock,NASDAQ,
ZNGA,stock,NASDAQ,
ZIP,stock,NYSE,
BRENTOIL,commodity,Commodity BRENTOIL,
CORN,commodity,Commodity 3,
SBEAN,commodity,Dev,
SUGAR,commodity,Commodity SUGAR,
WHEAT,commodity,Commodity WHEAT,
AU200,index,Index AU200,
EUR50,index,Index EUR50,
HSI,index,Index HSI,
NL25,index,Index NL25,
NSEI,index,Index NSEI,
RUT,index,Index RUT,
YCC-USD,crypto,Crypto,
SHIB-USD,crypto,Crypto,
COCOA,commodity,Commodity COCOA,
COFFEE,commodity,Commodity COFFEE,
COPPER,commodity,Commodity COPPER,
COTTON,commodity,Commodity COTTON,
ESP35,index,Index ESP35,
NIFTY50,index,Index NIFTY50,
RBOB,commodity,Commodity RBOB,
RICE,commodity,Commodity RICE,
SOYBEAN,commodity,Commodity 3,
SWISS20,index,SIX,
USDX,index,Index USDX,
FDX,stock,NYSE,
META,stock,NASDAQ,
LVMH,stock,Euronext Paris,
LCID,stock,NASDAQ,
TM,stock,NYSE,
VOW,stock,XETR,
MBG,stock,XETR,
NISSAN,stock,JPX,
OMXC25,index,Index OMXC25,
OMX,index,Index OMX,
OBX,index,Index OBX,
FTNT,stock,NASDAQ,
ENVX,stock,NASDAQ,
BTC-CAD,crypto,Crypto,
ETH-CAD,crypto,Crypto,
AEM,tsx,TSX,
AQN,tsx,TSX,
ATD,tsx,TSX,
BMO,tsx,TSX,
BNS,tsx,TSX,
ABX,tsx,TSX,
BHC,tsx,TSX,
BCE,tsx,TSX,
BAM.A,tsx,TSX,
BIP.UN,tsx,TSX,
CAE,tsx,TSX,
CCO,tsx,TSX,
CAR.UN,tsx,TSX,
CM,tsx,TSX,
CNR,tsx,TSX,
CNQ,tsx,TSX,
CP,tsx,TSX,
CTC.A,tsx,TSX,
CCL.B,tsx,TSX,
CVE,tsx,TSX,
GIB.A,tsx,TSX,
CSU,tsx,TSX,
DOL,tsx,TSX,
EMA,tsx,TSX,
ENB,tsx,TSX,
FM,tsx,TSX,
FSV,tsx,TSX,
FTS,tsx,TSX,
FNV,tsx,TSX,
WN,tsx,TSX,
GIL,tsx,TSX,
H.TSX,tsx,TSX,
IMO,tsx,TSX,
IFC,tsx,TSX,
K,tsx,TSX,
L,tsx,TSX,
MG,tsx,TSX,
MFC,tsx,TSX,
MRU,tsx,TSX,
NA,tsx,TSX,
NTR,tsx,TSX,
OTEX,tsx,TSX,
PPL,tsx,TSX,
POW,tsx,TSX,
QSR,tsx,TSX,
RCI.B,tsx,TSX,
RY,tsx,TSX,
SAP.TSX,tsx,TSX,
SJR.B,tsx,TSX,
SHOP.TSX,tsx,TSX,
SNC,tsx,TSX,
SLF,tsx,TSX,
SU,tsx,TSX,
TRP,tsx,TSX,
TECK.B,tsx,TSX,
T.TSX,tsx,TSX,
TRI,tsx,TSX,
TD,tsx,TSX,
WCN,tsx,TSX,
WPM,tsx,TSX,
TX60,index,Index TX60,
TWT-USD,crypto,Crypto,
LYG,stock,NYSE,
BCS,stock,NYSE,
TADAWUL,index,Tadawul,
SAOC,stock,Tadawul,
TAQA,stock,Crypto,
USD/AED,forex,Forex,
USD/SAR,forex,Forex,
OCEAN-USD,crypto,Crypto,
FET-USD,crypto,Crypto,
CTXC-USD,crypto,Crypto,
USD/KES,forex,Forex,
USD/UGX,forex,Forex,
USD/TZS,forex,Forex,
USD/GHS,forex,Forex,
EUR/GHS,forex,Forex,
EUR/TZS,forex,Forex,
EUR/UGX,forex,Forex,
EUR/KES,forex,Forex,
ALUMINUM,commodity,Commodity ALUMINUM,
NICKEL,commodity,Commodity NICKEL,
KE.CBOT.H2023,commodity,Dev,
KE.CBOT.K2023,commodity,Dev,
KE.CBOT.N2023,commodity,Dev,
KE.CBOT.U2023,commodity,Dev,
ARB-USD,crypto,Crypto,
RHM,stock,XETR,
NVO,stock,NYSE,
EUROC-USD,crypto,Crypto,
LPMT9863,stock,HKEX,
UPRO,stock,NDXB,
EMAR,stock,NDXB,
DSI,stock,NDXB,
ARTC,stock,NDXB,
PGE,stock,GPW,
WIG,index,GPW,
ALE,stock,GPW,
ALR,stock,GPW,
ACP,stock,GPW,
LWB,stock,GPW,
BMC,stock,GPW,
CCC,stock,GPW,
CDR,stock,GPW,
CIE,stock,GPW,
CPS,stock,GPW,
DNP,stock,GPW,
ENA,stock,GPW,
EUR,stock,GPW,
ATT,stock,GPW,
KTY,stock,GPW,
JSW,stock,GPW,
KGH,stock,GPW,
KRU,stock,GPW,
LPP,stock,GPW,
MBK,stock,GPW,
MIL,stock,GPW,
OPL,stock,GPW,
PCO,stock,GPW,
PKN,stock,GPW,
PKO,stock,GPW,
PZU,stock,GPW,
SPL,stock,GPW,
TPE,stock,GPW,
XTB,stock,GPW,
PEKAO,stock,GPW,
NOK/PLN,forex,Forex,
CHF/PLN,forex,Forex,
GBP/PLN,forex,Forex,
PLN/HUF,forex,Forex,
PLN/JPY,forex,Forex,
SVAV,moex,MOEX,
ENPH,stock,NASDAQ,
BE,stock,NYSE,
WMG,stock,NASDAQ,
PST,stock,MTA,
GNLX,stock,NASDAQ,
cool-cats-nft,nft,Crypto,
USD/MYR,forex,Forex,
USD/CNY,forex,Forex,
USD/IDR,forex,Forex,
USD/VND,forex,Forex,
USD/THB,forex,Forex,
ABR,stock,TSXV,
TMC,stock,TSXV,
CDNS,stock,NASDAQ,
BLDR,stock,NYSE,
TON-USD,crypto,Crypto,
PDD,stock,NASDAQ,
ENB.N,stock,NYSE,
cyberkongz/USDT,nft,Crypto,
cryptoadz-by-gremplin,nft,Crypto,
cryptoadz-by-gremplin/USDT,nft,Crypto,
world-of-women-nft,nft,Crypto,
world-of-women-nft/USDT,nft,Crypto,
art-blocks-playground,nft,Crypto,
art-blocks-playground/USDT,nft,Crypto,
parallelalpha,nft,Crypto,
parallelalpha/USDT,nft,Crypto,
superrare,nft,Crypto,
superrare/USDT,nft,Crypto,
bored-ape-kennel-club,nft,Crypto,
bored-ape-kennel-club/USDT,nft,Crypto,
cryptokitties,nft,Crypto,
cryptokitties/USDT,nft,Crypto,
lootproject,nft,Crypto,
lootproject/USDT,nft,Crypto,
decentraland-wearables,nft,Crypto,
decentraland-wearables/USDT,nft,Crypto,
rarible,nft,Crypto,
rarible/USDT,nft,Crypto,
sandbox,nft,Crypto,
sandbox/USDT,nft,Crypto,
art-blocks,nft,Crypto,
art-blocks/USDT,nft,Crypto,
decentraland,nft,Crypto,
decentraland/USDT,nft,Crypto,
cryptopunks,nft,Crypto,
cryptopunks/USDT,nft,Crypto,
cyberbrokers,nft,Crypto,
cyberbrokers/USDT,nft,Crypto,
meebits,nft,Crypto,
meebits/USDT,nft,Crypto,
boredapeyachtclub,nft,Crypto,
boredapeyachtclub/USDT,nft,Crypto,
mutant-ape-yacht-club,nft,Crypto,
mutant-ape-yacht-club/USDT,nft,Crypto,
dourdarcels,nft,Crypto,
dourdarcels/USDT,nft,Crypto,
gnssbymgxs,nft,Crypto,
gnssbymgxs/USDT,nft,Crypto,
clonex,nft,Crypto,
clonex/USDT,nft,Crypto,
azuki,nft,Crypto,
azuki/USDT,nft,Crypto,
loser-club-official,nft,Crypto,
loser-club-official/USDT,nft,Crypto,
USD/KRW,forex,Forex,
SOCAR,stock,KRX,
DELL,stock,NYSE,
ATS,stock,NYSE,
PRO,stock,NYSE,
AI,stock,NYSE,
HLX,stock,NYSE,
CANO,stock,NYSE,
RAD,stock,NYSE,
ISRG,stock,NASDAQ,
SYM,stock,NASDAQ,
VFS,stock,NASDAQ,
LHA.DE,stock,XETR,
ARM,stock,NASDAQ,
COST,stock,NASDAQ,
P911,stock,XETR,
IXD1,stock,XETR,
DTG,stock,XETR,
SAP.X,stock,XETR,
BMW.X,stock,XETR,
AIRBUS,stock,XETR,
ADIDAS,stock,XETR,
JFIN,stock,NASDAQ,
PERI,stock,NASDAQ,
OPRA,stock,NASDAQ,
ORANGEJUICE,commodity,Commodity ORANGEJUICE,
CXW,stock,NYSE,
GEO,stock,NYSE,
RR.L,stock,LSE,
SHEL,stock,NYSE,
HEIA,stock,Euronext Amsterdam,
HON,stock,NASDAQ,
1SXP,stock,XETR,
MTSS,stock,MOEX,
BANE,stock,MOEX,
BRZL,stock,MOEX,
SKRR,stock,TSXV,
ENSV,stock,NYSE,
TPL,stock,NYSE,
BN,stock,NYSE,
CRWD,stock,NASDAQ,
VTGN,stock,NASDAQ,
VFV,stock,TSX,
XEQT,stock,TSX,
HXQ,stock,TSX,
VDY,stock,TSX,
XEI,stock,TSX,
CDZ,stock,TSX,
XUU,stock,TSX,
KHR/USD,forex,Forex,
LAK/USD,forex,Forex,
PHP/USD,forex,Forex,
HKD/USD,forex,Forex,
KHR/EUR,forex,Forex,
LAK/EUR,forex,Forex,
PHP/EUR,forex,Forex,
HKD/EUR,forex,Forex,
SGD/EUR,forex,Forex,
USD/PHP,forex,Forex,
USD/LAK,forex,Forex,
USD/KHR,forex,Forex,
EUR/SGD,forex,Forex,
EUR/KHR,forex,Forex,
EUR/LAK,forex,Forex,
EUR/PHP,forex,Forex,
EUR/HKD,forex,Forex,
TTWO,stock,NASDAQ,
AC,tsx,TSX,
SRT,stock,XETR,
PHOR,moex,MOEX,
MTLR,moex,MOEX,
PIKK,moex,MOEX,
SELG,moex,MOEX,
CHMF,moex,MOEX,
FIVE,moex,MOEX,
REP.BME,stock,BME,
NOC,stock,NYSE,
GD,stock,NYSE,
LDOS,stock,NYSE,
KBR,stock,NYSE,
CACI,stock,NYSE,
BWXT,stock,NYSE,
RKLB,stock,NYSE,
MAYBANK,stock,MYX,
TENAGA,stock,MYX,
PBBANK,stock,MYX,
PCHEM,stock,MYX,
AAX,stock,MYX,
ENEL.MI,stock,MTA,
ENI.MI,stock,MTA,
ISP.MI,stock,MTA,
UCG.MI,stock,MTA,
G.MI,stock,MTA,
SPM.MI,stock,MTA,
PIRC.MI,stock,MTA,
AMP.MI,stock,MTA,
FTSEMIB.MI,index,MTA,
TIA-USD,crypto,Crypto,
TUPRS,stock,BIST,
THYAO,stock,BIST,
ASELS,stock,BIST,
XU100,index,BIST,BIST 100
AKBNK,stock,BIST,
AKSA,stock,BIST,
AKSEN,stock,BIST,
ARCLK,stock,BIST,
EREGL,stock,BIST,
ASTOR,stock,BIST,
KOZAL,stock,BIST,
PGSUS,stock,BIST,
ODAS,stock,BIST,
IRONORE,commodity,Commodity IRONORE,Iron ORE Spot
OP-USD,crypto,Crypto,
LDO-USD,crypto,Crypto,
INJ-USD,crypto,Crypto,
APT-USD,crypto,Crypto,
IMX-USD,crypto,Crypto,
RNDR-USD,crypto,Crypto,
ORDI-USD,crypto,Crypto,
SNX-USD,crypto,Crypto,
XEC-USD,crypto,Crypto,
RPL-USD,crypto,Crypto,
MBOX-USD,crypto,Crypto,
SUI-USD,crypto,Crypto,
IBIT,etf,NASDAQ,
DUA,stock,GPW,
CP.NYSE,stock,NYSE,
SPSK,etf,NYSE,
REMX,etf,NYSE,
URA,etf,NYSE,
ISDW,etf,LSE,
WSHR,etf,NEO,
TRNFP,stock,MOEX,
FUJI,stock,JPX,
XIAOMI,stock,HKEX,Xiaomi Corporation
UPST,stock,NASDAQ,
VRTX,stock,NASDAQ,
BAS.DE,stock,XETR,
BAYN.DE,stock,XETR,
ALV.DE,stock,XETR,
SIE.DE,stock,XETR,
DBK.DE,stock,XETR,
CON.DE,stock,XETR,
DHL.DE,stock,XETR,
PAH3.DE,stock,XETR,
CBK.DE,stock,XETR,
DTE.DE,stock,XETR,
DB1.DE,stock,XETR,
BATS.L,stock,LSE,
HSBA.L,stock,LSE,
BARC.L,stock,LSE,
IHG.L,stock,LSE,
BP.L,stock,LSE,
NXT.L,stock,LSE,
LLOY.L,stock,LSE,
MKS.L,stock,LSE,
NWG.L,stock,LSE,
PRU.L,stock,LSE,
VOD.L,stock,LSE,
AZN.L,stock,LSE,
LGEN.L,stock,LSE,
IMB.L,stock,LSE,
RKT.L,stock,LSE,
KGF.L,stock,LSE,
REL.L,stock,LSE,
CNA.L,stock,LSE,
III.L,stock,LSE,
WPP.L,stock,LSE,
TSCO.L,stock,LSE,
DGE.L,stock,LSE,
HIK.L,stock,LSE,
FCIT.L,stock,LSE,
RIO.L,stock,LSE,
AAL.L,stock,LSE,
BNZL.L,stock,LSE,
BRBY.L,stock,LSE,
GSK.L,stock,LSE,
BDEV.L,stock,LSE,
AV.L,stock,LSE,
SGE.L,stock,LSE,
PSON.L,stock,LSE,
ABF.L,stock,LSE,
LSEG.L,stock,LSE,
BA.L,stock,LSE,
ANTO.L,stock,LSE,
WTB.L,stock,LSE,
ADM.L,stock,LSE,
UU.L,stock,LSE,
ULVR.L,stock,LSE,
SSE.L,stock,LSE,
STAN.L,stock,LSE,
INF.L,stock,LSE,
WEIR.L,stock,LSE,
SVT.L,stock,LSE,
STJ.L,stock,LSE,
SMIN.L,stock,LSE,
MRO.L,stock,LSE,
SN.L,stock,LSE,
ITRK.L,stock,LSE,
MNDI.L,stock,LSE,
SBRY.L,stock,LSE,
CRDA.L,stock,LSE,
NG.L,stock,LSE,
IMI.L,stock,LSE,
BT-A.L,stock,LSE,
SGRO.L,stock,LSE,
SDR.L,stock,LSE,
RTO.L,stock,LSE,
CPG.L,stock,LSE,
ICP.L,stock,LSE,
LAND.L,stock,LSE,
SMT.L,stock,LSE,
HLMA.L,stock,LSE,
RMV.L,stock,LSE,
SEBA,stock,FSX,
SWED.A,stock,OMX,
JUP-USD,crypto,Crypto,
PYTH-USD,crypto,Crypto,
JTO-USD,crypto,Crypto,
MYRO-USD,crypto,Crypto,
MSTR,stock,NASDAQ,
BEI.DE,stock,XETR,
AIL.DE,stock,XETR,
ZAL.DE,stock,XETR,
PARSN,stock,BIST,
RDDTX,stock,NASDAQ,
AVGO,stock,NASDAQ,
RDDT,stock,NYSE,
UNAC,stock,MOEX,
UWGN,stock,MOEX,
VSMO,stock,MOEX,
IRKT,stock,MOEX,
CGC,stock,NASDAQ,
FLR-USD,crypto,Crypto,
CFX-USD,crypto,Crypto,
AZN,stock,NASDAQ,
FUSN,stock,NASDAQ,
TERUMO,stock,JPX,
BAYRK,stock,BIST,
OPTI-USD,crypto,Crypto,
EOAN.DE,stock,XETR,
FRE.DE,stock,XETR,
HNR1.DE,stock,XETR,
HEN3.DE,stock,XETR,
IFX.DE,stock,XETR,
MRK.DE,stock,XETR,
MTX.DE,stock,XETR,
MUV2.DE,stock,XETR,
RWE.DE,stock,XETR,
SRT3.DE,stock,XETR,
ENR.DE,stock,XETR,
SHL.DE,stock,XETR,
VNA.DE,stock,XETR,
SY1.DE,stock,XETR,
QGEN,stock,NYSE,
QIA.DE,stock,XETR,
USDT-USD,crypto,Crypto,
PEPE-USD,crypto,Crypto,
FROTO,stock,BIST,
CIMSA,stock,BIST,
KCHOL,stock,BIST,
SASA,stock,BIST,
BTI,stock,NYSE,
HMC,stock,NYSE,
CB,stock,NYSE,
WLD-USD,crypto,Crypto,
FFIE,stock,NASDAQ,
USD/TWD,forex,Forex,
EUR/TWD,forex,Forex,
HHP.TW,stock,TWSE,
GALP,stock,Euronext Lisbon,
GBTC,etf,NYSE,
CLH,stock,NYSE,
UEC,stock,NYSE,
NVDY,stock,NYSE,
CONY,stock,NYSE,
SHOO,stock,NASDAQ,
SSL,stock,NYSE,
RENAME,crypto,Crypto,
CPR,stock,MTA,
RTX,stock,NYSE,
TSM,stock,NYSE,
MDT,stock,NYSE,
PNC,stock,NYSE,
DVN,stock,NYSE,
CMCSA,stock,NASDAQ,
FCT.MI,stock,MTA,
VSEH,moex,MOEX,
SMCI,stock,NASDAQ,
LDO.MI,stock,MTA,
ZAPP,stock,NASDAQ,
YDEX,moex,MOEX,
PETRONAS,stock,MYX,
LLY,stock,NYSE,
TGT,stock,NYSE,
SHEL.L,stock,LSE,
BKG.L,stock,LSE,
DOWA,stock,JPX,
KAWA,stock,JPX,
TDH,stock,JPX,
MANU,stock,NYSE,
ETHA,stock,NASDAQ,
ETHE,stock,OTC,
TAO-USD,crypto,Crypto,
POL-USD,crypto,Crypto,
BONK-USD,crypto,Crypto,
PONKE-USD,crypto,Crypto,
ONDO-USD,crypto,Crypto,
ELPE,stock,ASE,
DRS,stock,NASDAQ,
ITX.BME,stock,BME,
BTG,stock,NYSE,
NEM,stock,NYSE,
GOLD,stock,NYSE,
AEM.NYSE,stock,NYSE,
RGLD,stock,NASDAQ,
EQIX,stock,NASDAQ,
SNPS,stock,NASDAQ,
CEG,stock,NASDAQ,
UPB,stock,NASDAQ,
VST,stock,NYSE,
SMR,stock,NYSE,
IONQ,stock,NYSE,
AKT-USD,crypto,Crypto,
INDEX-USD,crypto,Crypto,
AIOZ-USD,crypto,Crypto,
MGROS,stock,BIST,
GLW,stock,NYSE,
EIGEN-USD,crypto,Crypto,
UNH,stock,NYSE,
QSI,stock,NASDAQ,
FLOKI-USD,crypto,Crypto,
SOUN,stock,NASDAQ,
TRUMP-USD,crypto,Crypto,
MELANIA-USD,crypto,Crypto,
A2A.MI,stock,MTA,
BZU.MI,stock,MTA,
BMPS.MI,stock,MTA,
UNI.MI,stock,MTA,
TEN.MI,stock,MTA,
BMED.MI,stock,MTA,
TIT.MI,stock,MTA,
PRY.MI,stock,MTA,
RYAAY,stock,NASDAQ,
BBAI,stock,NYSE,
RXRX,stock,NASDAQ,
MCG.JO,stock,JSE,
AXON,stock,NASDAQ,
CBRE,stock,NYSE,
HEI.DE,stock,XETR,
PUM.DE,stock,XETR,
ROLEXRINGS,stock,India NSE,
KAITO-USD,crypto,Crypto,
JAG.TSX,stock,TSX,
MDI.TSX,stock,TSX,
CAE.NY,stock,NYSE,
ERO,stock,NYSE,
CLS,stock,NYSE,
HO.PA,stock,Euronext Paris,
QTUM,stock,NASDAQ,
PAXG-USD,crypto,Crypto,
BAB.L,stock,LSE,
DCC.L,stock,LSE,
CW,stock,NYSE,
CRWV,stock,NASDAQ,
FORM-USD,crypto,Crypto,
OMC,stock,NYSE,
AERGO-USD,crypto,Crypto,
RAY-USD,crypto,Crypto,
XCN-USD,crypto,Crypto,
ASML,stock,NASDAQ,
ENGI.PA,stock,Euronext Paris,
RI.PA,stock,Euronext Paris,
EN.PA,stock,Euronext Paris,
RMS.PA,stock,Euronext Paris,
AZO,stock,NYSE,
PHYS,etf,NYSE,
JEPI,etf,NYSE,
GDX,etf,NYSE,
LSPD,stock,NYSE,
RGTI,stock,NASDAQ,
ADI,stock,NASDAQ,
SIGN-USD,crypto,Crypto,
PINS,stock,NYSE,
PENGU-USD,crypto,Crypto,
SUPER-USD,crypto,Crypto,
WISE.L,stock,LSE,
ETOR,stock,NASDAQ,
INGN,stock,NASDAQ,
MX,stock,NYSE,
SRE,stock,NYSE,
NBIS,stock,NASDAQ,
HIMS,stock,NYSE,
SAPR4,stock,Bovespa,
LIVECATTLE,commodity,Commodity LIVECATTLE,
MNR,stock,NYSE,
ISCTR,stock,BIST,
LUMIA-USD,crypto,Crypto,
DEEP-USD,crypto,Crypto,
GGP.L,stock,LSE,
CRCL,stock,NYSE,
GTLB,stock,NASDAQ,
CRSP,stock,NASDAQ,
OST,stock,NASDAQ,
HAG.DE,stock,XETR,
MET1.L,stock,LSE,
RBRK,stock,NYSE,
EQT,stock,NYSE,
ASTS,stock,NASDAQ,
SEI-USD,crypto,Crypto,
SAMSUNG,stock,KRX,
DOOSAN,stock,KRX,
HANWHA,stock,KRX,
HYUNDAI,stock,KRX,
NAVER,stock,KRX,
KAKAO,stock,KRX,
HANWHASOL,stock,KRX,
SKHYNIX,stock,KRX,
SAMSUNGHE,stock,KRX,
ECOPRO,stock,KRX,
ASR-USD,crypto,Crypto,
USDC-USD,crypto,Crypto,
WLFI-USD,crypto,Crypto,
ALTS,stock,NASDAQ,
OKLO,stock,NYSE,
UP,stock,NYSE,
VCYT,stock,NASDAQ,
HOOD,stock,NASDAQ,
KLAR,stock,NYSE,
GEMI,stock,NASDAQ,
AGX,stock,NYSE,
NTSK,stock,NASDAQ,
DEO,stock,NYSE,
PTRN,stock,NASDAQ,
B,stock,NYSE,
PONY,stock,NASDAQ,
FIG,stock,NYSE,
EUAD,stock,CBOE,
ROG.SW,stock,SIX,
GLRMK,stock,BIST,
WBD,stock,NASDAQ,
ADP,stock,NASDAQ,
KHC,stock,NASDAQ,
QBTS,stock,NYSE,
QS,stock,NYSE,
NOW,stock,NYSE,
ARKB,etf,CBOE,
EZU,etf,CBOE,
ITB,etf,CBOE,
UVXY,etf,CBOE,
FBTC,etf,CBOE,
FETH,etf,CBOE,
SQQQ,etf,NASDAQ,
AMLP,etf,NYSE,
DUST,etf,NYSE,
NUGT,etf,NYSE,
JDST,etf,NYSE,
XLF,etf,NYSE,
FXI,etf,NYSE,
EWZ,etf,NYSE,
EFA,etf,NYSE,
EEM,etf,NYSE,
EWJ,etf,NYSE,
IWM,etf,NYSE,
XHB,etf,NYSE,
XOP,etf,NYSE,
KRE,etf,NYSE,
XLK,etf,NYSE,
XLU,etf,NYSE,
VEA,etf,NYSE,
HEDJ,etf,NYSE,
DBEF,etf,NYSE,
ETH,etf,NYSE,
BTC,etf,NYSE,
XLE,etf,NYSE,
DXJ,etf,NYSE,
EPI,etf,NYSE,
UUUU,stock,NYSE,